<?xml version="1.0" encoding="utf-8"?>
<ruleSet>

  <display>
    <identity>P</identity>
    <image>plains_v1.png</image>
    <name>Plains</name>
    <tilde_wild>0</tilde_wild>
    <dash_wild>0</dash_wild>
  </display>

  <rules>

    <tile type="regular">
      <image weight="0.2">plains_v1.png</image>
      <image weight="0.2">plains_v2.png</image>
      <image weight="0.2">plains_v3.png</image>
      <image weight="0.2">plains_v4.png</image>
      <image weight="0.2">plains_v5.png</image>
      <image weight="0.2">plains_v6.png</image>
      <image weight="0.2">plains_v7.png</image>
      <match>*********</match>
    </tile>

  </rules>

</ruleSet>