<?xml version="1.0" encoding="utf-8"?>
<ruleSet>

  <display>
    <identity>m</identity>
    <image>hills_v1.png</image>
    <name>Hill</name>
    <tilde_wild>1</tilde_wild>
    <dash_wild>0</dash_wild>
  </display>

  <rules>

    <tile type="regular">
      <image weight="0.3">hills_v1.png</image>
      <image weight="0.3">hills_v2.png</image>
      <image weight="0.3">hills_v3.png</image>
      <image weight="0.3">hills_v4.png</image>
      <match>*********</match>
    </tile>

  </rules>

</ruleSet>