<?xml version="1.0" encoding="utf-8"?>
<ruleSet>

  <display>
    <identity>R</identity>
    <image>road_2_v1.png</image>
    <name>Road</name>
    <tilde_wild>4</tilde_wild>
    <dash_wild>0</dash_wild>
  </display>

  <rules>

    <tile type="regular">
      <image>road_1_v1.png</image>
      <match>*~*~*~*~*</match>
    </tile>

    <tile type="regular">
      <image>road_7_v1.png</image>
      <match>***~*~*~*</match>
    </tile>

    <tile type="regular">
      <image>road_8_v1.png</image>
      <match>*~*~***~*</match>
    </tile>

    <tile type="regular">
      <image>road_9_v1.png</image>
      <match>*~***~*~*</match>
    </tile>

    <tile type="regular">
      <image>road_10_v1.png</image>
      <match>*~*~*~***</match>
    </tile>

    <tile type="regular">
      <image>road_2_v1.png</image>
      <match>***~*~***</match>
    </tile>

    <tile type="regular">
      <image>road_3_v1.png</image>
      <match>***~***~*</match>
    </tile>

    <tile type="regular">
      <image>road_4_v1.png</image>
      <match>*~*~*****</match>
    </tile>

    <tile type="regular">
      <image>road_5_v1.png</image>
      <match>*****~*~*</match>
    </tile>

    <tile type="regular">
      <image>road_6_v1.png</image>
      <match>*~***~***</match>
    </tile>

    <tile type="regular">
      <image>road_11_v1.png</image>
      <match>*~*****~*</match>
    </tile>

    <tile type="regular">
      <image>road_14_v1.png</image>
      <match>***~*****</match>
    </tile>

    <tile type="regular">
      <image>road_12_v1.png</image>
      <match>*****~***</match>
    </tile>

    <tile type="regular">
      <image>road_13_v1.png</image>
      <match>*******~*</match>
    </tile>

    <tile type="regular">
      <image>road_15_v1.png</image>
      <match>*~*******</match>
    </tile>

    <tile type="regular">
      <image>road_12_v1.png</image>
      <match>*********</match>
    </tile>

  </rules>

</ruleSet>