<?xml version="1.0" encoding="utf-8"?>
<ruleSet>

  <display>
    <identity>C</identity>
    <image>canyon_v1.png</image>
    <name>Canyon</name>
    <tilde_wild>0</tilde_wild>
    <dash_wild>6</dash_wild>
  </display>
  
  <rules>

    <tile type="mini">
      <image_nw>canyon_0_v1.png</image_nw>
      <image_ne>canyon_0_v1.png</image_ne>
      <image_sw>canyon_0_v1.png</image_sw>
      <image_se>canyon_0_v1.png</image_se>
      <match>CCCC*CCCC</match>
    </tile>

    <tile type="mini">
      <image_nw>canyon_1_v1.png</image_nw>
      <image_ne>canyon_2_v1.png</image_ne>
      <image_sw>canyon_3_v1.png</image_sw>
      <image_se>canyon_4_v1.png</image_se>
      <match>*-*-*-*-*</match>
    </tile>

    <tile type="mini">
      <image_nw>canyon_0_v1.png</image_nw>
      <image_ne>canyon_0_v1.png</image_ne>
      <image_sw>canyon_14_v1.png</image_sw>
      <image_se>canyon_0_v1.png</image_se>
      <match>CCCC*C-CC</match>
    </tile>

    <tile type="mini">
      <image_nw>canyon_0_v1.png</image_nw>
      <image_ne>canyon_0_v1.png</image_ne>
      <image_sw>canyon_0_v1.png</image_sw>
      <image_se>canyon_13_v1.png</image_se>
      <match>CCCC*CCC-</match>
    </tile>

    <tile type="mini">
      <image_nw>canyon_16_v1.png</image_nw>
      <image_ne>canyon_0_v1.png</image_ne>
      <image_sw>canyon_0_v1.png</image_sw>
      <image_se>canyon_0_v1.png</image_se>
      <match>-CCC*CCCC</match>
    </tile>

    <tile type="mini">
      <image_nw>canyon_0_v1.png</image_nw>
      <image_ne>canyon_15_v1.png</image_ne>
      <image_sw>canyon_0_v1.png</image_sw>
      <image_se>canyon_0_v1.png</image_se>
      <match>CC-C*CCCC</match>
    </tile>

    <tile type="mini">
      <image_nw>canyon_5_v1.png</image_nw>
      <image_ne>canyon_6_v1.png</image_ne>
      <image_sw>canyon_0_v1.png</image_sw>
      <image_se>canyon_0_v1.png</image_se>
      <match>*-*C*CCCC</match>
    </tile>

    <tile type="mini">
      <image_nw>canyon_0_v1.png</image_nw>
      <image_ne>canyon_11_v1.png</image_ne>
      <image_sw>canyon_0_v1.png</image_sw>
      <image_se>canyon_12_v1.png</image_se>
      <match>CC*C*-CC*</match>
    </tile>

    <tile type="mini">
      <image_nw>canyon_9_v1.png</image_nw>
      <image_ne>canyon_0_v1.png</image_ne>
      <image_sw>canyon_10_v1.png</image_sw>
      <image_se>canyon_0_v1.png</image_se>
      <match>*CC-*C*CC</match>
    </tile>

    <tile type="mini">
      <image_nw>canyon_0_v1.png</image_nw>
      <image_ne>canyon_0_v1.png</image_ne>
      <image_sw>canyon_7_v1.png</image_sw>
      <image_se>canyon_8_v1.png</image_se>
      <match>CCCC*C*-*</match>
    </tile>

    <tile type="mini">
      <image_nw>canyon_9_v1.png</image_nw>
      <image_ne>canyon_11_v1.png</image_ne>
      <image_sw>canyon_3_v1.png</image_sw>
      <image_se>canyon_4_v1.png</image_se>
      <match>*C*-*-*-*</match>
    </tile>

    <tile type="mini">
      <image_nw>canyon_1_v1.png</image_nw>
      <image_ne>canyon_6_v1.png</image_ne>
      <image_sw>canyon_3_v1.png</image_sw>
      <image_se>canyon_8_v1.png</image_se>
      <match>*-*-*C*-*</match>
    </tile>

    <tile type="mini">
      <image_nw>canyon_5_v1.png</image_nw>
      <image_ne>canyon_2_v1.png</image_ne>
      <image_sw>canyon_7_v1.png</image_sw>
      <image_se>canyon_4_v1.png</image_se>
      <match>*-*C*-*-*</match>
    </tile>

    <tile type="mini">
      <image_nw>canyon_1_v1.png</image_nw>
      <image_ne>canyon_2_v1.png</image_ne>
      <image_sw>canyon_10_v1.png</image_sw>
      <image_se>canyon_12_v1.png</image_se>
      <match>*-*-*-*C*</match>
    </tile>

    <tile type="mini">
      <image_nw>canyon_5_v1.png</image_nw>
      <image_ne>canyon_2_v1.png</image_ne>
      <image_sw>canyon_0_v1.png</image_sw>
      <image_se>canyon_12_v1.png</image_se>
      <match>*-*C*-CC*</match>
    </tile>

    <tile type="mini">
      <image_nw>canyon_0_v1.png</image_nw>
      <image_ne>canyon_11_v1.png</image_ne>
      <image_sw>canyon_7_v1.png</image_sw>
      <image_se>canyon_4_v1.png</image_se>
      <match>CC*C*-*-*</match>
    </tile>

    <tile type="mini">
      <image_nw>canyon_1_v1.png</image_nw>
      <image_ne>canyon_6_v1.png</image_ne>
      <image_sw>canyon_10_v1.png</image_sw>
      <image_se>canyon_0_v1.png</image_se>
      <match>*-*-*C*CC</match>
    </tile>

    <tile type="mini">
      <image_nw>canyon_9_v1.png</image_nw>
      <image_ne>canyon_0_v1.png</image_ne>
      <image_sw>canyon_3_v1.png</image_sw>
      <image_se>canyon_8_v1.png</image_se>
      <match>*CC-*C*-*</match>
    </tile>

    <tile type="mini">
      <image_nw>canyon_9_v1.png</image_nw>
      <image_ne>canyon_11_v1.png</image_ne>
      <image_sw>canyon_10_v1.png</image_sw>
      <image_se>canyon_12_v1.png</image_se>
      <match>*C*-*-*C*</match>
    </tile>

    <tile type="mini">
      <image_nw>canyon_5_v1.png</image_nw>
      <image_ne>canyon_6_v1.png</image_ne>
      <image_sw>canyon_7_v1.png</image_sw>
      <image_se>canyon_8_v1.png</image_se>
      <match>*-*C*C*-*</match>
    </tile>

    <tile type="mini">
      <image_nw>canyon_16_v1.png</image_nw>
      <image_ne>canyon_15_v1.png</image_ne>
      <image_sw>canyon_14_v1.png</image_sw>
      <image_se>canyon_13_v1.png</image_se>
      <match>-C-C*C-C-</match>
    </tile>

    <tile type="mini">
      <image_nw>canyon_16_v1.png</image_nw>
      <image_ne>canyon_15_v1.png</image_ne>
      <image_sw>canyon_0_v1.png</image_sw>
      <image_se>canyon_0_v1.png</image_se>
      <match>-C-C*CCCC</match>
    </tile>

    <tile type="mini">
      <image_nw>canyon_0_v1.png</image_nw>
      <image_ne>canyon_15_v1.png</image_ne>
      <image_sw>canyon_0_v1.png</image_sw>
      <image_se>canyon_13_v1.png</image_se>
      <match>CC-C*CCC-</match>
    </tile>

    <tile type="mini">
      <image_nw>canyon_16_v1.png</image_nw>
      <image_ne>canyon_0_v1.png</image_ne>
      <image_sw>canyon_14_v1.png</image_sw>
      <image_se>canyon_0_v1.png</image_se>
      <match>-CCC*C-CC</match>
    </tile>

    <tile type="mini">
      <image_nw>canyon_0_v1.png</image_nw>
      <image_ne>canyon_0_v1.png</image_ne>
      <image_sw>canyon_14_v1.png</image_sw>
      <image_se>canyon_13_v1.png</image_se>
      <match>CCCC*C-C-</match>
    </tile>

    <tile type="mini">
      <image_nw>canyon_1_v1.png</image_nw>
      <image_ne>canyon_6_v1.png</image_ne>
      <image_sw>canyon_10_v1.png</image_sw>
      <image_se>canyon_13_v1.png</image_se>
      <match>*-*-*C*C-</match>
    </tile>

    <tile type="mini">
      <image_nw>canyon_5_v1.png</image_nw>
      <image_ne>canyon_2_v1.png</image_ne>
      <image_sw>canyon_14_v1.png</image_sw>
      <image_se>canyon_12_v1.png</image_se>
      <match>*-*C*--C*</match>
    </tile>

    <tile type="mini">
      <image_nw>canyon_9_v1.png</image_nw>
      <image_ne>canyon_15_v1.png</image_ne>
      <image_sw>canyon_3_v1.png</image_sw>
      <image_se>canyon_8_v1.png</image_se>
      <match>*C--*C*-*</match>
    </tile>

    <tile type="mini">
      <image_nw>canyon_16_v1.png</image_nw>
      <image_ne>canyon_11_v1.png</image_ne>
      <image_sw>canyon_7_v1.png</image_sw>
      <image_se>canyon_4_v1.png</image_se>
      <match>-C*C*-*-*</match>
    </tile>

    <tile type="mini">
      <image_nw>canyon_16_v1.png</image_nw>
      <image_ne>canyon_11_v1.png</image_ne>
      <image_sw>canyon_14_v1.png</image_sw>
      <image_se>canyon_12_v1.png</image_se>
      <match>-C*C*--C*</match>
    </tile>

    <tile type="mini">
      <image_nw>canyon_16_v1.png</image_nw>
      <image_ne>canyon_15_v1.png</image_ne>
      <image_sw>canyon_7_v1.png</image_sw>
      <image_se>canyon_8_v1.png</image_se>
      <match>-C-C*C*-*</match>
    </tile>

    <tile type="mini">
      <image_nw>canyon_9_v1.png</image_nw>
      <image_ne>canyon_15_v1.png</image_ne>
      <image_sw>canyon_10_v1.png</image_sw>
      <image_se>canyon_13_v1.png</image_se>
      <match>*C--*C*C-</match>
    </tile>

    <tile type="mini">
      <image_nw>canyon_5_v1.png</image_nw>
      <image_ne>canyon_6_v1.png</image_ne>
      <image_sw>canyon_14_v1.png</image_sw>
      <image_se>canyon_13_v1.png</image_se>
      <match>*-*C*C-C-</match>
    </tile>

    <tile type="mini">
      <image_nw>canyon_16_v1.png</image_nw>
      <image_ne>canyon_15_v1.png</image_ne>
      <image_sw>canyon_14_v1.png</image_sw>
      <image_se>canyon_0_v1.png</image_se>
      <match>-C-C*C-CC</match>
    </tile>

    <tile type="mini">
      <image_nw>canyon_16_v1.png</image_nw>
      <image_ne>canyon_15_v1.png</image_ne>
      <image_sw>canyon_0_v1.png</image_sw>
      <image_se>canyon_13_v1.png</image_se>
      <match>-C-C*CCC-</match>
    </tile>

    <tile type="mini">
      <image_nw>canyon_0_v1.png</image_nw>
      <image_ne>canyon_15_v1.png</image_ne>
      <image_sw>canyon_14_v1.png</image_sw>
      <image_se>canyon_13_v1.png</image_se>
      <match>CC-C*C-C-</match>
    </tile>

    <tile type="mini">
      <image_nw>canyon_16_v1.png</image_nw>
      <image_ne>canyon_0_v1.png</image_ne>
      <image_sw>canyon_14_v1.png</image_sw>
      <image_se>canyon_13_v1.png</image_se>
      <match>-CCC*C-C-</match>
    </tile>

    <tile type="mini">
      <image_nw>canyon_5_v1.png</image_nw>
      <image_ne>canyon_6_v1.png</image_ne>
      <image_sw>canyon_14_v1.png</image_sw>
      <image_se>canyon_0_v1.png</image_se>
      <match>*-*C*C-CC</match>
    </tile>

    <tile type="mini">
      <image_nw>canyon_9_v1.png</image_nw>
      <image_ne>canyon_0_v1.png</image_ne>
      <image_sw>canyon_10_v1.png</image_sw>
      <image_se>canyon_13_v1.png</image_se>
      <match>*CC-*C*C-</match>
    </tile>

    <tile type="mini">
      <image_nw>canyon_0_v1.png</image_nw>
      <image_ne>canyon_15_v1.png</image_ne>
      <image_sw>canyon_7_v1.png</image_sw>
      <image_se>canyon_8_v1.png</image_se>
      <match>CC-C*C*-*</match>
    </tile>

    <tile type="mini">
      <image_nw>canyon_16_v1.png</image_nw>
      <image_ne>canyon_11_v1.png</image_ne>
      <image_sw>canyon_0_v1.png</image_sw>
      <image_se>canyon_12_v1.png</image_se>
      <match>-C*C*-CC*</match>
    </tile>

    <tile type="mini">
      <image_nw>canyon_5_v1.png</image_nw>
      <image_ne>canyon_6_v1.png</image_ne>
      <image_sw>canyon_0_v1.png</image_sw>
      <image_se>canyon_13_v1.png</image_se>
      <match>*-*C*CCC-</match>
    </tile>

    <tile type="mini">
      <image_nw>canyon_0_v1.png</image_nw>
      <image_ne>canyon_11_v1.png</image_ne>
      <image_sw>canyon_14_v1.png</image_sw>
      <image_se>canyon_12_v1.png</image_se>
      <match>CC*C*--C*</match>
    </tile>

    <tile type="mini">
      <image_nw>canyon_16_v1.png</image_nw>
      <image_ne>canyon_0_v1.png</image_ne>
      <image_sw>canyon_7_v1.png</image_sw>
      <image_se>canyon_8_v1.png</image_se>
      <match>-CCC*C*-*</match>
    </tile>

    <tile type="mini">
      <image_nw>canyon_9_v1.png</image_nw>
      <image_ne>canyon_15_v1.png</image_ne>
      <image_sw>canyon_10_v1.png</image_sw>
      <image_se>canyon_0_v1.png</image_se>
      <match>*C--*C*CC</match>
    </tile>

    <tile type="mini">
      <image_nw>canyon_16_v1.png</image_nw>
      <image_ne>canyon_0_v1.png</image_ne>
      <image_sw>canyon_0_v1.png</image_sw>
      <image_se>canyon_13_v1.png</image_se>
      <match>-CCC*CCC-</match>
    </tile>

    <tile type="mini">
      <image_nw>canyon_0_v1.png</image_nw>
      <image_ne>canyon_15_v1.png</image_ne>
      <image_sw>canyon_14_v1.png</image_sw>
      <image_se>canyon_0_v1.png</image_se>
      <match>CC-C*C-CC</match>
    </tile>

    <tile type="mini">
      <image_nw>canyon_0_v1.png</image_nw>
      <image_ne>canyon_0_v1.png</image_ne>
      <image_sw>canyon_0_v1.png</image_sw>
      <image_se>canyon_0_v1.png</image_se>
      <match>*********</match>
    </tile>

  </rules>

</ruleSet>