<?xml version="1.0" encoding="utf-8"?>
<ruleSet>

  <display>
    <identity>u</identity>
    <name>P2 Corvette Fighter</name>
    <tilde_wild>0</tilde_wild>
    <dash_wild>8</dash_wild>
    <team_number>2</team_number>
  </display>

  <rules>

    <tile type="mask" default="true">
      <image>corvette.png</image>
      <mask>corvette_mask.png</mask>
      <red>0</red>
      <green>0</green>
      <blue>255</blue>
      <match>****-****</match>
    </tile>

  </rules>

</ruleSet>
