<?xml version="1.0" encoding="utf-8"?>
<ruleSet>

  <display>
    <identity>b</identity>
    <image>high_bridge_4_v1.png</image>
    <name>High Bridge</name>
    <tilde_wild>1</tilde_wild>
    <dash_wild>0</dash_wild>
    <dependency>Sea</dependency>
  </display>

  <rules>

    <tile type="regular">
      <image>high_bridge_1_v1.png</image>
      <match>*~~-~~*~~</match>
    </tile>

    <tile type="regular">
      <image>high_bridge_2_v1.png</image>
      <match>~~*~~-~~*</match>
    </tile>

    <tile type="regular">
      <image>high_bridge_3_v1.png</image>
      <match>*~*-~-*~*</match>
    </tile>

    <tile type="regular">
      <image>high_bridge_4_v1.png</image>
      <match>~~~b~b~~~</match>
    </tile>

    <tile type="regular">
      <image>high_bridge_4_v1.png</image>
      <match>~~~b~~~~~</match>
    </tile>

    <tile type="regular">
      <image>high_bridge_4_v1.png</image>
      <match>~~~~~b~~~</match>
    </tile>

    <tile type="regular">
      <image>high_bridge_5_v1.png</image>
      <match>*-*~~~~~~</match>
    </tile>

    <tile type="regular">
      <image>high_bridge_6_v1.png</image>
      <match>~~~~~~*-*</match>
    </tile>

    <tile type="regular">
      <image>high_bridge_7_v1.png</image>
      <match>*-*~~~*-*</match>
    </tile>

    <tile type="regular">
      <image>high_bridge_8_v1.png</image>
      <match>~b~~~~~b~</match>
    </tile>

    <tile type="regular">
      <image>high_bridge_8_v1.png</image>
      <match>~b~~~~~~~</match>
    </tile>

    <tile type="regular">
      <image>high_bridge_8_v1.png</image>
      <match>~~~~~~~b~</match>
    </tile>

  </rules>

</ruleSet>