<?xml version="1.0" encoding="utf-8"?>
<ruleSet>

  <display>
    <identity>3</identity>
    <name>Neutral Oil Rig</name>
    <tilde_wild>1</tilde_wild>
    <dash_wild>11</dash_wild>
    <team_number>0</team_number>
    <dependency>Sea</dependency>
  </display>

  <rules>

    <tile type="mask" default="true">
      <image>oilrig.png</image>
      <mask>oilrig_mask.png</mask>
      <red>128</red>
      <green>128</green>
      <blue>128</blue>
      <match>*~*~-~*~*</match>
    </tile>

  </rules>

</ruleSet>
