<?xml version="1.0" encoding="utf-8"?>
<ruleSet>

  <display>
    <identity>H</identity>
    <image>shore_v1.png</image>
    <name>Shore</name>
    <tilde_wild>1</tilde_wild>
    <dash_wild>0</dash_wild>
    <dependency>Sea</dependency>
  </display>

  <rules>

    <tile type="mini">
      <image_nw>shore_8_v1.png</image_nw>
      <image_ne>shore_7_v1.png</image_ne>
      <image_sw>sea_0_v1.png</image_sw>
      <image_se>sea_0_v1.png</image_se>
      <match>*-*~~~~~~</match>
    </tile>

    <tile type="mini">
      <image_nw>sea_0_v1.png</image_nw>
      <image_ne>sea_0_v1.png</image_ne>
      <image_sw>shore_2_v1.png</image_sw>
      <image_se>shore_1_v1.png</image_se>
      <match>~~~~~~*-*</match>
    </tile>

    <tile type="mini">
      <image_nw>sea_0_v1.png</image_nw>
      <image_ne>shore_6_v1.png</image_ne>
      <image_sw>sea_0_v1.png</image_sw>
      <image_se>shore_5_v1.png</image_se>
      <match>~~*~~-~~*</match>
    </tile>

    <tile type="mini">
      <image_nw>shore_4_v1.png</image_nw>
      <image_ne>sea_0_v1.png</image_ne>
      <image_sw>shore_3_v1.png</image_sw>
      <image_se>sea_0_v1.png</image_se>      
      <match>*~~-~~*~~</match>
    </tile>

    <tile type="mini">
      <image_nw>shore_4_v1.png</image_nw>
      <image_ne>shore_6_v1.png</image_ne>
      <image_sw>shore_9_v1.png</image_sw>
      <image_se>shore_11_v1.png</image_se>
      <match>*~*-~-*-*</match>
    </tile>

    <tile type="mini">
      <image_nw>shore_8_v1.png</image_nw>
      <image_ne>shore_12_v1.png</image_ne>
      <image_sw>shore_2_v1.png</image_sw>
      <image_se>shore_11_v1.png</image_se>
      <match>*-*~~-*-*</match>
    </tile>

    <tile type="mini">
      <image_nw>shore_10_v1.png</image_nw>
      <image_ne>shore_7_v1.png</image_ne>
      <image_sw>shore_9_v1.png</image_sw>
      <image_se>shore_1_v1.png</image_se>
      <match>*-*-~~*-*</match>
    </tile>

    <tile type="mini">
      <image_nw>shore_10_v1.png</image_nw>
      <image_ne>shore_12_v1.png</image_ne>
      <image_sw>shore_3_v1.png</image_sw>
      <image_se>shore_5_v1.png</image_se>     
      <match>*-*-~-*~*</match>
    </tile>

    <tile type="mini">
      <image_nw>shore_8_v1.png</image_nw>
      <image_ne>shore_12_v1.png</image_ne>
      <image_sw>sea_0_v1.png</image_sw>
      <image_se>shore_5_v1.png</image_se>     
      <match>*-*~~-~~*</match>
    </tile>

    <tile type="mini">
      <image_nw>sea_0_v1.png</image_nw>
      <image_ne>shore_6_v1.png</image_ne>
      <image_sw>shore_2_v1.png</image_sw>
      <image_se>shore_11_v1.png</image_se>     
      <match>~~*~~-*-*</match>
    </tile>

    <tile type="mini">
      <image_nw>shore_10_v1.png</image_nw>
      <image_ne>shore_7_v1.png</image_ne>
      <image_sw>shore_3_v1.png</image_sw>
      <image_se>sea_0_v1.png</image_se>           
      <match>*-*-~~*~~</match>
    </tile>

    <tile type="mini">
      <image_nw>shore_4_v1.png</image_nw>
      <image_ne>sea_0_v1.png</image_ne>
      <image_sw>shore_9_v1.png</image_sw>
      <image_se>shore_1_v1.png</image_se>           
      <match>*~~-~~*-*</match>
    </tile>

  </rules>

</ruleSet>