<?xml version="1.0" encoding="utf-8"?>
<ruleSet>

  <display>
    <identity>E</identity>
    <image>reef_v1.png</image>
    <name>Reef</name>
    <tilde_wild>1</tilde_wild>
    <dash_wild>0</dash_wild>
    <dependency>Sea</dependency>
  </display>

  <rules>

    <tile type="regular">
      <image weight="0.5">reef_v1.png</image>
      <image weight="0.5">reef_v2.png</image>
      <image weight="0.5">reef_v3.png</image>
      <image weight="0.5">reef_v4.png</image>
      <match>~~~~~~~~~</match>
    </tile>

  </rules>

</ruleSet>