<?xml version="1.0" encoding="utf-8"?>
<ruleSet>

  <display>
    <identity>2</identity>
    <name>Neutral Advanced Oil Refinery</name>
    <tilde_wild>0</tilde_wild>
    <dash_wild>10</dash_wild>
    <team_number>0</team_number>
  </display>

  <rules>

    <tile type="mask" default="true">
      <image>advanceoilrefinery.png</image>
      <mask>advanceoilrefinery_mask.png</mask>
      <red>128</red>
      <green>128</green>
      <blue>128</blue>
      <match>****-****</match>
    </tile>

  </rules>

</ruleSet>
