<?xml version="1.0" encoding="utf-8"?>
<ruleSet>

  <display>
    <identity>u</identity>
    <name>P1 Raptor Fighter</name>
    <tilde_wild>0</tilde_wild>
    <dash_wild>9</dash_wild>
    <team_number>1</team_number>
  </display>

  <rules>

    <tile type="mask" default="true">
      <image>raptorfighter.png</image>
      <mask>raptorfighter_mask.png</mask>
      <red>255</red>
      <green>0</green>
      <blue>0</blue>
      <match>****-****</match>
    </tile>

  </rules>

</ruleSet>
