<?xml version="1.0" encoding="utf-8"?>
<ruleSet>

  <display>
    <identity>u</identity>
    <name>P3 Strike Commando</name>
    <tilde_wild>0</tilde_wild>
    <dash_wild>5</dash_wild>
    <team_number>3</team_number>
  </display>

  <rules>

    <tile type="mask" default="true">
      <image>strikecommando.png</image>
      <mask>strikecommando_mask.png</mask>
      <red>255</red>
      <green>255</green>
      <blue>0</blue>
      <match>****-****</match>
    </tile>

  </rules>

</ruleSet>
