<?xml version="1.0" encoding="utf-8"?>
<ruleSet>

  <display>
    <identity>!</identity>
    <name>P4 Air Control</name>
    <tilde_wild>0</tilde_wild>
    <dash_wild>10</dash_wild>
    <team_number>4</team_number>
  </display>

  <rules>

    <tile type="mask" default="true">
      <image>aircontrol.png</image>
      <mask>aircontrol_mask.png</mask>
      <red>0</red>
      <green>255</green>
      <blue>0</blue>
      <match>****-****</match>
    </tile>

  </rules>

</ruleSet>
