<?xml version="1.0" encoding="utf-8"?>
<ruleSet>

  <display>
    <identity>M</identity>
    <image>mountains_v1.png</image>
    <name>Mountain</name>
    <tilde_wild>3</tilde_wild>
    <dash_wild>0</dash_wild>
  </display>

  <rules>

    <tile type="regular">
      <image weight="0.6">mountains_v2.png</image>
      <image weight="0.6">mountains_v4.png</image>
      <match>*~*******</match>
    </tile>

    <tile type="regular">
      <image weight="0.6">mountains_v1.png</image>
      <image weight="0.6">mountains_v3.png</image>
      <match>*********</match>
    </tile>

  </rules>

</ruleSet>