<?xml version="1.0" encoding="utf-8"?>
<ruleSet>

  <display>
    <identity>S</identity>
    <image>sea_v1.png</image>
    <name>Sea</name>
    <tilde_wild>1</tilde_wild>
    <dash_wild>0</dash_wild>
  </display>
  
  <rules>

    <tile type="mini">
      <image_nw>sea_0_v1.png</image_nw>
      <image_ne>sea_0_v1.png</image_ne>
      <image_sw>sea_0_v1.png</image_sw>
      <image_se>sea_0_v1.png</image_se>
      <match>~~~~*~~~~</match>
    </tile>

    <tile type="mini">
      <image_nw>sea_1_v1.png</image_nw>
      <image_ne>sea_2_v1.png</image_ne>
      <image_sw>sea_3_v1.png</image_sw>
      <image_se>sea_4_v1.png</image_se>
      <match>*-*-*-*-*</match>
    </tile>

    <tile type="mini">
      <image_nw>sea_0_v1.png</image_nw>
      <image_ne>sea_0_v1.png</image_ne>
      <image_sw>sea_14_v1.png</image_sw>
      <image_se>sea_0_v1.png</image_se>
      <match>~~~~*~-~~</match>
    </tile>

    <tile type="mini">
      <image_nw>sea_0_v1.png</image_nw>
      <image_ne>sea_0_v1.png</image_ne>
      <image_sw>sea_0_v1.png</image_sw>
      <image_se>sea_13_v1.png</image_se>
      <match>~~~~*~~~-</match>
    </tile>

    <tile type="mini">
      <image_nw>sea_16_v1.png</image_nw>
      <image_ne>sea_0_v1.png</image_ne>
      <image_sw>sea_0_v1.png</image_sw>
      <image_se>sea_0_v1.png</image_se>
      <match>-~~~*~~~~</match>
    </tile>

    <tile type="mini">
      <image_nw>sea_0_v1.png</image_nw>
      <image_ne>sea_15_v1.png</image_ne>
      <image_sw>sea_0_v1.png</image_sw>
      <image_se>sea_0_v1.png</image_se>
      <match>~~-~*~~~~</match>
    </tile>

    <tile type="mini">
      <image_nw>sea_5_v1.png</image_nw>
      <image_ne>sea_6_v1.png</image_ne>
      <image_sw>sea_0_v1.png</image_sw>
      <image_se>sea_0_v1.png</image_se>
      <match>*-*~*~~~~</match>
    </tile>

    <tile type="mini">
      <image_nw>sea_0_v1.png</image_nw>
      <image_ne>sea_11_v1.png</image_ne>
      <image_sw>sea_0_v1.png</image_sw>
      <image_se>sea_12_v1.png</image_se>
      <match>~~*~*-~~*</match>
    </tile>

    <tile type="mini">
      <image_nw>sea_9_v1.png</image_nw>
      <image_ne>sea_0_v1.png</image_ne>
      <image_sw>sea_10_v1.png</image_sw>
      <image_se>sea_0_v1.png</image_se>
      <match>*~~-*~*~~</match>
    </tile>

    <tile type="mini">
      <image_nw>sea_0_v1.png</image_nw>
      <image_ne>sea_0_v1.png</image_ne>
      <image_sw>sea_7_v1.png</image_sw>
      <image_se>sea_8_v1.png</image_se>
      <match>~~~~*~*-*</match>
    </tile>

    <tile type="mini">
      <image_nw>sea_9_v1.png</image_nw>
      <image_ne>sea_11_v1.png</image_ne>
      <image_sw>sea_3_v1.png</image_sw>
      <image_se>sea_4_v1.png</image_se>
      <match>*~*-*-*-*</match>
    </tile>

    <tile type="mini">
      <image_nw>sea_1_v1.png</image_nw>
      <image_ne>sea_6_v1.png</image_ne>
      <image_sw>sea_3_v1.png</image_sw>
      <image_se>sea_8_v1.png</image_se>
      <match>*-*-*~*-*</match>
    </tile>

    <tile type="mini">
      <image_nw>sea_5_v1.png</image_nw>
      <image_ne>sea_2_v1.png</image_ne>
      <image_sw>sea_7_v1.png</image_sw>
      <image_se>sea_4_v1.png</image_se>
      <match>*-*~*-*-*</match>
    </tile>

    <tile type="mini">
      <image_nw>sea_1_v1.png</image_nw>
      <image_ne>sea_2_v1.png</image_ne>
      <image_sw>sea_10_v1.png</image_sw>
      <image_se>sea_12_v1.png</image_se>
      <match>*-*-*-*~*</match>
    </tile>

    <tile type="mini">
      <image_nw>sea_5_v1.png</image_nw>
      <image_ne>sea_2_v1.png</image_ne>
      <image_sw>sea_0_v1.png</image_sw>
      <image_se>sea_12_v1.png</image_se>
      <match>*-*~*-~~*</match>
    </tile>

    <tile type="mini">
      <image_nw>sea_0_v1.png</image_nw>
      <image_ne>sea_11_v1.png</image_ne>
      <image_sw>sea_7_v1.png</image_sw>
      <image_se>sea_4_v1.png</image_se>
      <match>~~*~*-*-*</match>
    </tile>

    <tile type="mini">
      <image_nw>sea_1_v1.png</image_nw>
      <image_ne>sea_6_v1.png</image_ne>
      <image_sw>sea_10_v1.png</image_sw>
      <image_se>sea_0_v1.png</image_se>
      <match>*-*-*~*~~</match>
    </tile>

    <tile type="mini">
      <image_nw>sea_9_v1.png</image_nw>
      <image_ne>sea_0_v1.png</image_ne>
      <image_sw>sea_3_v1.png</image_sw>
      <image_se>sea_8_v1.png</image_se>
      <match>*~~-*~*-*</match>
    </tile>

    <tile type="mini">
      <image_nw>sea_9_v1.png</image_nw>
      <image_ne>sea_11_v1.png</image_ne>
      <image_sw>sea_10_v1.png</image_sw>
      <image_se>sea_12_v1.png</image_se>
      <match>*~*-*-*~*</match>
    </tile>

    <tile type="mini">
      <image_nw>sea_5_v1.png</image_nw>
      <image_ne>sea_6_v1.png</image_ne>
      <image_sw>sea_7_v1.png</image_sw>
      <image_se>sea_8_v1.png</image_se>
      <match>*-*~*~*-*</match>
    </tile>

    <tile type="mini">
      <image_nw>sea_16_v1.png</image_nw>
      <image_ne>sea_15_v1.png</image_ne>
      <image_sw>sea_14_v1.png</image_sw>
      <image_se>sea_13_v1.png</image_se>
      <match>-~-~*~-~-</match>
    </tile>

    <tile type="mini">
      <image_nw>sea_16_v1.png</image_nw>
      <image_ne>sea_15_v1.png</image_ne>
      <image_sw>sea_0_v1.png</image_sw>
      <image_se>sea_0_v1.png</image_se>
      <match>-~-~*~~~~</match>
    </tile>

    <tile type="mini">
      <image_nw>sea_0_v1.png</image_nw>
      <image_ne>sea_15_v1.png</image_ne>
      <image_sw>sea_0_v1.png</image_sw>
      <image_se>sea_13_v1.png</image_se>
      <match>~~-~*~~~-</match>
    </tile>

    <tile type="mini">
      <image_nw>sea_16_v1.png</image_nw>
      <image_ne>sea_0_v1.png</image_ne>
      <image_sw>sea_14_v1.png</image_sw>
      <image_se>sea_0_v1.png</image_se>
      <match>-~~~*~-~~</match>
    </tile>

    <tile type="mini">
      <image_nw>sea_0_v1.png</image_nw>
      <image_ne>sea_0_v1.png</image_ne>
      <image_sw>sea_14_v1.png</image_sw>
      <image_se>sea_13_v1.png</image_se>
      <match>~~~~*~-~-</match>
    </tile>

    <tile type="mini">
      <image_nw>sea_1_v1.png</image_nw>
      <image_ne>sea_6_v1.png</image_ne>
      <image_sw>sea_10_v1.png</image_sw>
      <image_se>sea_13_v1.png</image_se>
      <match>*-*-*~*~-</match>
    </tile>

    <tile type="mini">
      <image_nw>sea_5_v1.png</image_nw>
      <image_ne>sea_2_v1.png</image_ne>
      <image_sw>sea_14_v1.png</image_sw>
      <image_se>sea_12_v1.png</image_se>
      <match>*-*~*--~*</match>
    </tile>

    <tile type="mini">
      <image_nw>sea_9_v1.png</image_nw>
      <image_ne>sea_15_v1.png</image_ne>
      <image_sw>sea_3_v1.png</image_sw>
      <image_se>sea_8_v1.png</image_se>
      <match>*~--*~*-*</match>
    </tile>

    <tile type="mini">
      <image_nw>sea_16_v1.png</image_nw>
      <image_ne>sea_11_v1.png</image_ne>
      <image_sw>sea_7_v1.png</image_sw>
      <image_se>sea_4_v1.png</image_se>
      <match>-~*~*-*-*</match>
    </tile>

    <tile type="mini">
      <image_nw>sea_16_v1.png</image_nw>
      <image_ne>sea_11_v1.png</image_ne>
      <image_sw>sea_14_v1.png</image_sw>
      <image_se>sea_12_v1.png</image_se>
      <match>-~*~*--~*</match>
    </tile>

    <tile type="mini">
      <image_nw>sea_16_v1.png</image_nw>
      <image_ne>sea_15_v1.png</image_ne>
      <image_sw>sea_7_v1.png</image_sw>
      <image_se>sea_8_v1.png</image_se>
      <match>-~-~*~*-*</match>
    </tile>

    <tile type="mini">
      <image_nw>sea_9_v1.png</image_nw>
      <image_ne>sea_15_v1.png</image_ne>
      <image_sw>sea_10_v1.png</image_sw>
      <image_se>sea_13_v1.png</image_se>
      <match>*~--*~*~-</match>
    </tile>

    <tile type="mini">
      <image_nw>sea_5_v1.png</image_nw>
      <image_ne>sea_6_v1.png</image_ne>
      <image_sw>sea_14_v1.png</image_sw>
      <image_se>sea_13_v1.png</image_se>
      <match>*-*~*~-~-</match>
    </tile>

    <tile type="mini">
      <image_nw>sea_16_v1.png</image_nw>
      <image_ne>sea_15_v1.png</image_ne>
      <image_sw>sea_14_v1.png</image_sw>
      <image_se>sea_0_v1.png</image_se>
      <match>-~-~*~-~~</match>
    </tile>

    <tile type="mini">
      <image_nw>sea_16_v1.png</image_nw>
      <image_ne>sea_15_v1.png</image_ne>
      <image_sw>sea_0_v1.png</image_sw>
      <image_se>sea_13_v1.png</image_se>
      <match>-~-~*~~~-</match>
    </tile>

    <tile type="mini">
      <image_nw>sea_0_v1.png</image_nw>
      <image_ne>sea_15_v1.png</image_ne>
      <image_sw>sea_14_v1.png</image_sw>
      <image_se>sea_13_v1.png</image_se>
      <match>~~-~*~-~-</match>
    </tile>

    <tile type="mini">
      <image_nw>sea_16_v1.png</image_nw>
      <image_ne>sea_0_v1.png</image_ne>
      <image_sw>sea_14_v1.png</image_sw>
      <image_se>sea_13_v1.png</image_se>
      <match>-~~~*~-~-</match>
    </tile>

    <tile type="mini">
      <image_nw>sea_5_v1.png</image_nw>
      <image_ne>sea_6_v1.png</image_ne>
      <image_sw>sea_14_v1.png</image_sw>
      <image_se>sea_0_v1.png</image_se>
      <match>*-*~*~-~~</match>
    </tile>

    <tile type="mini">
      <image_nw>sea_9_v1.png</image_nw>
      <image_ne>sea_0_v1.png</image_ne>
      <image_sw>sea_10_v1.png</image_sw>
      <image_se>sea_13_v1.png</image_se>
      <match>*~~-*~*~-</match>
    </tile>

    <tile type="mini">
      <image_nw>sea_0_v1.png</image_nw>
      <image_ne>sea_15_v1.png</image_ne>
      <image_sw>sea_7_v1.png</image_sw>
      <image_se>sea_8_v1.png</image_se>
      <match>~~-~*~*-*</match>
    </tile>

    <tile type="mini">
      <image_nw>sea_16_v1.png</image_nw>
      <image_ne>sea_11_v1.png</image_ne>
      <image_sw>sea_0_v1.png</image_sw>
      <image_se>sea_12_v1.png</image_se>
      <match>-~*~*-~~*</match>
    </tile>

    <tile type="mini">
      <image_nw>sea_5_v1.png</image_nw>
      <image_ne>sea_6_v1.png</image_ne>
      <image_sw>sea_0_v1.png</image_sw>
      <image_se>sea_13_v1.png</image_se>
      <match>*-*~*~~~-</match>
    </tile>

    <tile type="mini">
      <image_nw>sea_0_v1.png</image_nw>
      <image_ne>sea_11_v1.png</image_ne>
      <image_sw>sea_14_v1.png</image_sw>
      <image_se>sea_12_v1.png</image_se>
      <match>~~*~*--~*</match>
    </tile>

    <tile type="mini">
      <image_nw>sea_16_v1.png</image_nw>
      <image_ne>sea_0_v1.png</image_ne>
      <image_sw>sea_7_v1.png</image_sw>
      <image_se>sea_8_v1.png</image_se>
      <match>-~~~*~*-*</match>
    </tile>

    <tile type="mini">
      <image_nw>sea_9_v1.png</image_nw>
      <image_ne>sea_15_v1.png</image_ne>
      <image_sw>sea_10_v1.png</image_sw>
      <image_se>sea_0_v1.png</image_se>
      <match>*~--*~*~~</match>
    </tile>

    <tile type="mini">
      <image_nw>sea_16_v1.png</image_nw>
      <image_ne>sea_0_v1.png</image_ne>
      <image_sw>sea_0_v1.png</image_sw>
      <image_se>sea_13_v1.png</image_se>
      <match>-~~~*~~~-</match>
    </tile>

    <tile type="mini">
      <image_nw>sea_0_v1.png</image_nw>
      <image_ne>sea_15_v1.png</image_ne>
      <image_sw>sea_14_v1.png</image_sw>
      <image_se>sea_0_v1.png</image_se>
      <match>~~-~*~-~~</match>
    </tile>

    <tile type="mini">
      <image_nw>sea_0_v1.png</image_nw>
      <image_ne>sea_0_v1.png</image_ne>
      <image_sw>sea_0_v1.png</image_sw>
      <image_se>sea_0_v1.png</image_se>
      <match>*********</match>
    </tile>

  </rules>

</ruleSet>